Id;ActivityDate;VeryActiveMinutes;FairlyActiveMinutes;LightlyActiveMinutes;SedentaryMinutes;Calories
1503960366;12.04.2016;25;13;328;728;1985
1503960366;13.04.2016;21;19;217;776;1797
1503960366;14.04.2016;30;11;181;1218;1776
1503960366;15.04.2016;29;34;209;726;1745
1503960366;16.04.2016;36;10;221;773;1863
1503960366;17.04.2016;38;20;164;539;1728
1503960366;18.04.2016;42;16;233;1149;1921
1503960366;19.04.2016;50;31;264;775;2035
1503960366;20.04.2016;28;12;205;818;1786
1503960366;21.04.2016;19;8;211;838;1775
1503960366;22.04.2016;66;27;130;1217;1827
1503960366;23.04.2016;41;21;262;732;1949
1503960366;24.04.2016;39;5;238;709;1788
1503960366;25.04.2016;73;14;216;814;2013
1503960366;26.04.2016;31;23;279;833;1970
1503960366;27.04.2016;78;11;243;1108;2159
1503960366;28.04.2016;48;28;189;782;1898
1503960366;29.04.2016;16;12;243;815;1837
1503960366;30.04.2016;52;34;217;712;1947
1503960366;1.05.2016;33;35;246;730;1820
1503960366;2.05.2016;41;15;277;798;2004
1503960366;3.05.2016;50;24;254;816;1990
1503960366;4.05.2016;36;22;203;1179;1819
1503960366;5.05.2016;45;24;250;857;1959
1503960366;6.05.2016;24;6;289;754;1896
1503960366;7.05.2016;37;46;175;833;1821
1503960366;8.05.2016;44;8;203;574;1740
1503960366;9.05.2016;46;11;206;835;1819
1503960366;10.05.2016;46;31;214;746;1859
1503960366;11.05.2016;36;23;251;669;1783
1624580081;12.04.2016;0;0;146;1294;1432
1624580081;13.04.2016;0;0;148;1292;1411
1624580081;14.04.2016;0;0;236;1204;1572
1624580081;15.04.2016;0;0;96;1344;1344
1624580081;16.04.2016;0;0;176;1264;1463
1624580081;17.04.2016;15;22;127;1276;1554
1624580081;18.04.2016;17;7;202;1214;1604
1624580081;19.04.2016;0;0;141;1299;1435
1624580081;20.04.2016;0;0;151;1289;1446
1624580081;21.04.2016;0;0;186;1254;1467
1624580081;22.04.2016;0;0;199;1241;1470
1624580081;23.04.2016;0;0;227;1213;1562
1624580081;24.04.2016;16;18;185;1221;1617
1624580081;25.04.2016;0;0;202;1238;1492
1624580081;26.04.2016;0;0;140;1300;1402
1624580081;27.04.2016;17;36;154;1233;1670
1624580081;28.04.2016;0;5;115;1320;1401
1624580081;29.04.2016;0;0;150;1290;1404
1624580081;30.04.2016;11;23;224;1182;1655
1624580081;1.05.2016;186;63;171;1020;2690
1624580081;2.05.2016;7;6;166;1261;1497
1624580081;3.05.2016;0;0;96;1344;1334
1624580081;4.05.2016;0;0;118;1322;1368
1624580081;5.05.2016;0;0;117;1323;1370
1624580081;6.05.2016;0;0;102;1338;1341
1624580081;7.05.2016;0;0;182;1258;1474
1624580081;8.05.2016;0;0;152;1288;1427
1624580081;9.05.2016;0;0;91;1349;1328
1624580081;10.05.2016;0;0;139;1301;1393
1624580081;11.05.2016;0;0;112;1328;1359
1624580081;12.05.2016;0;0;107;890;1002
1644430081;12.04.2016;2;51;256;1131;3199
1644430081;13.04.2016;30;16;135;1259;2902
1644430081;14.04.2016;5;58;252;1125;3226
1644430081;15.04.2016;3;4;170;1263;2750
1644430081;16.04.2016;51;42;212;1135;3493
1644430081;17.04.2016;29;13;186;1212;3011
1644430081;18.04.2016;15;33;121;1271;2806
1644430081;19.04.2016;5;58;278;1099;3300
1644430081;20.04.2016;0;0;125;1315;2430
1644430081;21.04.2016;0;0;38;1402;2140
1644430081;22.04.2016;0;0;86;1354;2344
1644430081;23.04.2016;0;15;160;1265;2677
1644430081;24.04.2016;0;0;89;1351;2413
1644430081;25.04.2016;8;1;94;1337;2497
1644430081;26.04.2016;11;41;223;1165;3123
1644430081;27.04.2016;0;0;118;1322;2489
1644430081;28.04.2016;3;53;227;1157;3108
1644430081;29.04.2016;0;0;120;1193;2498
1644430081;30.04.2016;9;71;402;816;3846
1644430081;1.05.2016;3;24;146;908;2696
1644430081;2.05.2016;1;7;148;682;2580
1644430081;3.05.2016;10;94;221;1115;3324
1644430081;4.05.2016;0;0;52;1388;2222
1644430081;5.05.2016;6;12;81;1341;2463
1644430081;6.05.2016;11;6;369;1054;3328
1644430081;7.05.2016;41;17;243;1139;3404
1644430081;8.05.2016;0;0;295;991;2987
1644430081;9.05.2016;32;6;303;1099;3008
1644430081;10.05.2016;12;19;155;1254;2799
1644430081;11.05.2016;0;0;49;713;1276
1844505072;12.04.2016;0;0;339;1101;2030
1844505072;13.04.2016;0;0;248;1192;1860
1844505072;14.04.2016;0;0;373;843;2130
1844505072;15.04.2016;0;0;176;527;1725
1844505072;16.04.2016;0;0;147;1293;1657
1844505072;17.04.2016;2;8;199;1231;1793
1844505072;18.04.2016;0;12;217;1211;1814
1844505072;19.04.2016;0;0;10;1430;1366
1844505072;21.04.2016;2;13;308;1117;2062
1844505072;22.04.2016;0;0;220;1220;1827
1844505072;23.04.2016;0;0;139;1301;1645
1844505072;28.04.2016;0;0;302;1138;1992
1844505072;29.04.2016;0;0;247;1082;1856
1844505072;30.04.2016;0;0;184;218;1763
1844505072;1.05.2016;0;7;75;585;1541
1844505072;3.05.2016;0;0;184;1256;1742
1844505072;4.05.2016;0;0;87;1353;1549
1844505072;5.05.2016;0;0;120;1320;1589
1927972279;12.04.2016;0;0;55;734;2220
1927972279;13.04.2016;0;0;32;986;2151
1927972279;14.04.2016;0;9;88;1292;2383
1927972279;15.04.2016;0;0;51;941;2221
1927972279;18.04.2016;0;0;17;1423;2111
1927972279;22.04.2016;0;0;10;1430;2093
1927972279;23.04.2016;0;0;145;1295;2499
1927972279;24.04.2016;1;6;75;1358;2324
1927972279;25.04.2016;0;0;12;1303;2100
1927972279;26.04.2016;0;0;192;1058;2638
1927972279;28.04.2016;0;0;95;1167;2351
1927972279;1.05.2016;14;1;70;1355;2411
1927972279;2.05.2016;16;8;94;1322;2505
1927972279;3.05.2016;10;0;17;1413;2195
1927972279;4.05.2016;0;0;87;1353;2338
1927972279;6.05.2016;0;0;108;1332;2383
1927972279;7.05.2016;0;0;48;1392;2229
2022484408;12.04.2016;42;14;227;1157;2390
2022484408;13.04.2016;43;5;292;1100;2601
2022484408;14.04.2016;32;3;257;1148;2312
2022484408;15.04.2016;27;9;282;1122;2525
2022484408;16.04.2016;41;11;151;1237;2177
2022484408;17.04.2016;28;29;331;1052;2782
2022484408;18.04.2016;48;3;311;1078;2770
2022484408;19.04.2016;31;7;250;1152;2489
2022484408;20.04.2016;48;63;276;1053;2897
2022484408;21.04.2016;104;53;255;1028;3158
2022484408;22.04.2016;52;10;273;1105;2638
2022484408;23.04.2016;0;0;249;1191;2069
2022484408;24.04.2016;37;26;216;1161;2529
2022484408;25.04.2016;44;8;217;1171;2470
2022484408;26.04.2016;55;24;275;1086;2793
2022484408;27.04.2016;19;20;282;1119;2463
2022484408;28.04.2016;6;20;291;1123;2296
2022484408;29.04.2016;21;40;281;1098;2611
2022484408;30.04.2016;13;23;361;1043;2732
2022484408;1.05.2016;25;28;245;1142;2380
2022484408;2.05.2016;36;8;277;1119;2473
2022484408;3.05.2016;72;14;250;1104;2752
2022484408;4.05.2016;36;27;272;1105;2649
2022484408;5.05.2016;55;20;253;1112;2609
2022484408;6.05.2016;24;17;295;1104;2498
2022484408;7.05.2016;20;2;149;1269;1995
2022484408;8.05.2016;0;0;135;1305;1848
2022484408;9.05.2016;35;47;297;1061;2709
2022484408;10.05.2016;57;28;271;1084;2797
2022484408;11.05.2016;58;25;224;1133;2544
2022484408;12.05.2016;16;16;236;728;1853
2026352035;12.04.2016;3;8;181;706;1459
2026352035;13.04.2016;0;0;238;663;1521
2026352035;14.04.2016;0;0;197;653;1431
2026352035;15.04.2016;0;0;188;687;1444
2026352035;16.04.2016;0;0;150;728;1373
2026352035;17.04.2016;0;0;60;1053;1214
2026352035;18.04.2016;0;0;182;1062;1419
2026352035;19.04.2016;0;0;141;785;1356
2026352035;20.04.2016;0;0;327;623;1667
2026352035;21.04.2016;0;0;153;749;1370
2026352035;22.04.2016;0;0;162;712;1399
2026352035;23.04.2016;0;0;432;458;1916
2026352035;24.04.2016;0;0;164;704;1401
2026352035;25.04.2016;0;0;260;821;1576
2026352035;26.04.2016;0;0;288;1018;1595
2026352035;27.04.2016;0;0;286;586;1593
2026352035;28.04.2016;0;0;331;626;1649
2026352035;29.04.2016;0;0;352;492;1692
2026352035;30.04.2016;0;0;233;594;1506
2026352035;1.05.2016;0;0;191;716;1447
2026352035;2.05.2016;0;0;355;716;1690
2026352035;3.05.2016;0;0;304;981;1604
2026352035;4.05.2016;0;0;345;530;1658
2026352035;5.05.2016;0;0;475;479;1926
2026352035;6.05.2016;0;0;383;511;1736
2026352035;7.05.2016;0;0;229;665;1491
2026352035;8.05.2016;0;0;258;610;1555
2026352035;9.05.2016;0;0;401;543;1869
2026352035;10.05.2016;0;0;17;1002;1141
2026352035;11.05.2016;0;0;330;569;1698
2026352035;12.05.2016;0;0;343;330;1364
2320127002;12.04.2016;13;9;306;1112;2124
2320127002;13.04.2016;0;0;335;1105;2003
2320127002;14.04.2016;0;0;191;1249;1696
2320127002;15.04.2016;0;0;245;1195;1801
2320127002;16.04.2016;0;0;195;1245;1724
2320127002;17.04.2016;0;0;249;1191;1852
2320127002;18.04.2016;0;7;260;1173;1905
2320127002;19.04.2016;0;11;228;1201;1811
2320127002;20.04.2016;0;11;283;1146;1922
2320127002;21.04.2016;1;10;127;1302;1610
2320127002;22.04.2016;0;0;266;1174;1851
2320127002;23.04.2016;0;0;242;1129;1804
2320127002;24.04.2016;0;0;204;1236;1725
2320127002;25.04.2016;3;5;152;1280;1654
2320127002;26.04.2016;0;0;147;1293;1632
2320127002;27.04.2016;0;0;82;1358;1481
2320127002;28.04.2016;0;0;76;1364;1473
2320127002;29.04.2016;0;0;45;1395;1410
2320127002;30.04.2016;0;0;234;1206;1779
2320127002;1.05.2016;0;0;40;1400;1403
2320127002;2.05.2016;5;6;123;1306;1613
2320127002;3.05.2016;20;10;206;1204;1878
2320127002;4.05.2016;0;0;52;1388;1426
2320127002;5.05.2016;0;11;223;1206;1780
2320127002;6.05.2016;0;0;204;1236;1742
2320127002;7.05.2016;0;0;319;1121;1972
2320127002;8.05.2016;0;0;247;1193;1821
2320127002;9.05.2016;0;0;145;1295;1630
2320127002;10.05.2016;0;0;290;1150;1899
2320127002;11.05.2016;0;0;300;1140;1903
2320127002;12.05.2016;0;0;128;830;1125
2347167796;12.04.2016;28;13;320;964;2344
2347167796;13.04.2016;19;32;195;676;2038
2347167796;14.04.2016;1;48;206;705;2010
2347167796;15.04.2016;1;24;284;720;2133
2347167796;16.04.2016;66;72;268;968;2670
2347167796;17.04.2016;1;7;249;508;1882
2347167796;18.04.2016;11;16;206;678;1944
2347167796;19.04.2016;0;7;382;648;2346
2347167796;20.04.2016;11;43;269;1011;2198
2347167796;21.04.2016;23;26;208;761;2048
2347167796;22.04.2016;9;27;206;781;1946
2347167796;23.04.2016;32;35;360;591;2629
2347167796;24.04.2016;0;0;360;584;2187
2347167796;25.04.2016;15;11;277;653;2095
2347167796;26.04.2016;0;0;227;732;1861
2347167796;27.04.2016;26;9;295;623;2194
2347167796;28.04.2016;0;0;229;764;1854
2873212765;12.04.2016;2;21;356;1061;1982
2873212765;13.04.2016;0;8;404;1028;2004
2873212765;14.04.2016;0;0;331;1109;1893
2873212765;15.04.2016;0;0;448;992;2063
2873212765;16.04.2016;47;1;305;1087;2148
2873212765;17.04.2016;0;8;160;1272;1529
2873212765;18.04.2016;1;6;311;1122;1890
2873212765;19.04.2016;0;0;389;1051;1956
2873212765;20.04.2016;22;5;378;1035;2094
2873212765;21.04.2016;2;10;371;1057;1970
2873212765;22.04.2016;46;0;366;1028;2241
2873212765;23.04.2016;28;5;330;1077;2021
2873212765;24.04.2016;46;1;190;1203;1898
2873212765;25.04.2016;0;0;359;1081;1907
2873212765;26.04.2016;2;5;309;1124;1882
2873212765;27.04.2016;46;0;197;1197;1966
2873212765;28.04.2016;28;7;213;1192;1835
2873212765;29.04.2016;20;23;206;1191;1780
2873212765;30.04.2016;5;20;248;1167;1830
2873212765;1.05.2016;7;18;196;1219;1739
2873212765;2.05.2016;0;7;334;1099;1878
2873212765;3.05.2016;1;6;363;1070;1906
2873212765;4.05.2016;0;0;420;1020;2015
2873212765;5.05.2016;13;23;311;1093;1971
2873212765;6.05.2016;0;5;370;1065;1910
2873212765;7.05.2016;75;11;52;1302;1897
2873212765;8.05.2016;46;0;326;1068;2096
2873212765;9.05.2016;0;0;345;1095;1906
2873212765;10.05.2016;0;0;373;1067;1962
2873212765;11.05.2016;0;0;319;1121;1826
2873212765;12.05.2016;0;0;268;720;1431
3372868164;12.04.2016;0;0;280;1160;1788
3372868164;13.04.2016;16;8;371;1045;2093
3372868164;14.04.2016;6;25;370;1039;2065
3372868164;15.04.2016;0;0;335;1105;1908
3372868164;16.04.2016;0;0;356;1084;1908
3372868164;17.04.2016;11;2;322;1105;1964
3372868164;18.04.2016;20;7;343;1070;2014
3372868164;19.04.2016;0;0;376;1064;1985
3372868164;20.04.2016;15;3;274;1148;1867
3372868164;21.04.2016;18;9;376;1037;2124
3372868164;22.04.2016;0;0;206;1234;1669
3372868164;23.04.2016;20;2;303;1115;1995
3372868164;24.04.2016;14;7;292;1127;1921
3372868164;25.04.2016;0;0;416;1024;2010
3372868164;26.04.2016;22;2;333;1083;2057
3372868164;27.04.2016;24;13;346;1057;2095
3372868164;28.04.2016;0;0;385;1055;1972
3372868164;29.04.2016;0;0;402;1038;2044
3372868164;30.04.2016;17;4;300;1119;1946
3372868164;1.05.2016;0;0;172;842;1237
3977333714;12.04.2016;44;19;131;777;1450
3977333714;13.04.2016;31;46;153;754;1495
3977333714;14.04.2016;5;23;214;801;1433
3977333714;15.04.2016;15;42;183;644;1468
3977333714;16.04.2016;31;83;153;663;1625
3977333714;17.04.2016;11;58;205;600;1529
3977333714;18.04.2016;4;95;214;605;1584
3977333714;19.04.2016;19;67;221;738;1638
3977333714;20.04.2016;2;98;164;845;1554
3977333714;21.04.2016;0;0;242;712;1397
3977333714;22.04.2016;33;12;188;731;1481
3977333714;23.04.2016;0;92;252;724;1638
3977333714;24.04.2016;30;95;129;660;1655
3977333714;25.04.2016;50;9;133;781;1570
3977333714;26.04.2016;7;95;170;797;1551
3977333714;27.04.2016;0;10;176;714;1377
3977333714;28.04.2016;15;8;190;804;1407
3977333714;29.04.2016;36;32;150;744;1545
3977333714;30.04.2016;43;52;194;687;1650
3977333714;1.05.2016;41;40;124;691;1501
3977333714;2.05.2016;24;143;176;713;1760
3977333714;3.05.2016;47;41;258;594;1710
3977333714;4.05.2016;14;96;142;852;1628
3977333714;5.05.2016;14;88;178;680;1618
3977333714;6.05.2016;29;55;168;676;1590
3977333714;7.05.2016;0;86;208;703;1574
3977333714;8.05.2016;9;116;171;688;1633
3977333714;9.05.2016;8;122;151;1159;1667
3977333714;10.05.2016;1;115;196;676;1630
4020332650;12.04.2016;4;15;331;712;3654
4020332650;14.04.2016;0;0;3;1437;2011
4020332650;15.04.2016;36;18;87;1299;2951
4020332650;16.04.2016;65;21;55;1222;3051
4020332650;2.05.2016;0;11;31;1350;2207
4020332650;3.05.2016;0;0;174;950;2828
4020332650;4.05.2016;13;46;346;531;3879
4020332650;5.05.2016;38;42;196;916;3429
4020332650;6.05.2016;0;0;177;855;2704
4020332650;7.05.2016;0;0;184;1256;2975
4020332650;8.05.2016;0;0;263;775;3089
4020332650;9.05.2016;3;5;173;1225;2785
4020332650;10.05.2016;0;0;206;774;2926
4020332650;11.05.2016;2;8;134;1296;2645
4020332650;12.05.2016;0;0;21;721;1120
4057192912;12.04.2016;0;0;164;1276;2286
4057192912;13.04.2016;0;0;160;1280;2306
4057192912;15.04.2016;3;6;88;873;1527
4319703577;12.04.2016;0;0;0;1440;2115
4319703577;13.04.2016;8;15;96;1234;2135
4319703577;14.04.2016;1;9;339;589;2302
4319703577;15.04.2016;0;0;228;752;1985
4319703577;16.04.2016;0;0;194;724;1884
4319703577;18.04.2016;1;9;58;824;1632
4319703577;19.04.2016;0;0;311;604;2200
4319703577;20.04.2016;0;18;306;671;2220
4319703577;21.04.2016;0;0;34;1265;1792
4319703577;22.04.2016;1;19;176;709;1886
4319703577;23.04.2016;0;0;233;546;1945
4319703577;24.04.2016;1;5;191;692;1880
4319703577;25.04.2016;0;8;390;544;2314
4319703577;26.04.2016;8;21;288;649;2236
4319703577;27.04.2016;6;47;300;680;2324
4319703577;28.04.2016;13;8;359;552;2367
4319703577;29.04.2016;6;18;289;624;2175
4319703577;30.04.2016;6;38;196;695;2092
4319703577;1.05.2016;0;0;67;836;1593
4319703577;2.05.2016;0;11;344;585;2270
4319703577;3.05.2016;8;26;287;669;2235
4319703577;4.05.2016;8;13;313;1106;2282
4319703577;5.05.2016;27;34;328;957;2530
4319703577;6.05.2016;6;11;314;692;2266
4319703577;7.05.2016;3;28;279;586;2158
4319703577;8.05.2016;0;0;153;603;1792
4319703577;9.05.2016;2;14;374;490;2345
4319703577;10.05.2016;3;12;329;555;2260
4319703577;11.05.2016;3;18;311;574;2232
4388161847;12.04.2016;0;0;0;1440;2955
4388161847;13.04.2016;1;14;150;1275;3092
4388161847;14.04.2016;10;35;219;945;2998
4388161847;15.04.2016;0;0;299;837;3066
4388161847;16.04.2016;6;9;253;609;3073
4388161847;17.04.2016;0;0;201;721;2572
4388161847;18.04.2016;27;8;239;1017;3274
4388161847;19.04.2016;20;16;249;704;3015
4388161847;20.04.2016;19;42;228;696;3083
4388161847;21.04.2016;7;12;272;853;3069
4388161847;22.04.2016;77;25;220;945;3544
4388161847;23.04.2016;58;5;215;749;3306
4388161847;24.04.2016;14;8;239;584;2885
4388161847;25.04.2016;11;31;301;1054;3288
4388161847;26.04.2016;14;23;224;673;2929
4388161847;27.04.2016;11;48;241;684;3074
4388161847;28.04.2016;19;9;234;878;2969
4388161847;29.04.2016;13;16;236;1175;2979
4388161847;30.04.2016;14;43;300;537;3283
4388161847;1.05.2016;12;15;241;579;2926
4388161847;2.05.2016;33;4;204;935;3147
4388161847;3.05.2016;18;18;306;984;3290
4388161847;4.05.2016;35;21;251;632;3162
4388161847;5.05.2016;12;39;199;896;2899
4388161847;6.05.2016;33;45;262;1100;3425
4388161847;7.05.2016;120;56;260;508;4022
4388161847;8.05.2016;107;38;178;576;3934
4388161847;9.05.2016;6;19;258;1020;3013
4388161847;10.05.2016;13;14;267;648;3061
4388161847;11.05.2016;8;18;256;858;2954
4388161847;12.05.2016;0;0;108;825;1623
4445114986;12.04.2016;0;0;196;787;2113
4445114986;13.04.2016;0;0;194;840;2095
4445114986;14.04.2016;0;0;231;717;2194
4445114986;15.04.2016;0;0;350;711;2496
4445114986;16.04.2016;0;0;225;716;2180
4445114986;17.04.2016;0;0;114;1219;1933
4445114986;18.04.2016;25;6;162;1247;2248
4445114986;19.04.2016;0;0;121;895;1954
4445114986;20.04.2016;0;0;137;841;1974
4445114986;21.04.2016;0;0;215;756;2150
4445114986;22.04.2016;0;0;317;706;2432
4445114986;23.04.2016;0;0;201;1239;2149
4445114986;24.04.2016;0;0;244;1196;2247
4445114986;25.04.2016;0;0;179;916;2070
4445114986;26.04.2016;29;1;180;839;2291
4445114986;27.04.2016;32;1;194;839;2361
4445114986;28.04.2016;0;0;236;762;2203
4445114986;29.04.2016;0;0;226;1106;2196
4445114986;30.04.2016;0;0;290;797;2363
4445114986;1.05.2016;0;0;240;741;2246
4445114986;2.05.2016;27;4;200;667;2336
4445114986;3.05.2016;30;2;233;725;2421
4445114986;4.05.2016;0;0;180;897;2070
4445114986;5.05.2016;2;6;185;734;2120
4445114986;6.05.2016;0;0;229;809;2211
4445114986;7.05.2016;26;4;108;866;2123
4445114986;8.05.2016;0;8;308;733;2423
4445114986;9.05.2016;0;0;266;641;2281
4445114986;10.05.2016;0;0;231;783;2181
4445114986;11.05.2016;34;22;232;622;2499
4445114986;12.05.2016;0;0;58;380;1212
4558609924;12.04.2016;0;0;318;1122;1909
4558609924;13.04.2016;19;7;127;1287;1722
4558609924;14.04.2016;0;0;279;1161;1922
4558609924;15.04.2016;17;30;262;1131;2121
4558609924;16.04.2016;8;12;308;1112;1997
4558609924;17.04.2016;7;19;304;1110;2117
4558609924;18.04.2016;14;15;331;1080;2116
4558609924;19.04.2016;1;9;248;1182;1876
4558609924;20.04.2016;0;0;222;1218;1788
4558609924;21.04.2016;6;21;432;844;2486
4558609924;22.04.2016;20;25;273;1122;2094
4558609924;23.04.2016;5;5;308;1122;2085
4558609924;24.04.2016;0;0;395;1045;2173
4558609924;25.04.2016;18;10;340;993;2225
4558609924;26.04.2016;12;41;283;1062;2223
4558609924;27.04.2016;27;14;312;1087;2098
4558609924;28.04.2016;1;11;367;985;2185
4558609924;29.04.2016;15;29;197;1096;1918
4558609924;30.04.2016;7;29;293;1111;2105
4558609924;1.05.2016;0;0;190;1121;1692
4558609924;2.05.2016;0;0;383;1057;2066
4558609924;3.05.2016;21;10;237;1172;1953
4558609924;4.05.2016;0;0;252;1188;1842
4558609924;5.05.2016;14;8;370;1048;2262
4558609924;6.05.2016;0;0;202;1238;1722
4558609924;7.05.2016;23;16;233;1116;1973
4558609924;8.05.2016;66;35;238;1019;2666
4558609924;9.05.2016;6;30;339;1065;2223
4558609924;10.05.2016;11;18;220;1191;1889
4558609924;11.05.2016;4;31;324;1081;2131
4558609924;12.05.2016;0;0;247;736;1452
4702921684;12.04.2016;0;0;263;718;2947
4702921684;13.04.2016;0;0;258;777;2898
4702921684;14.04.2016;0;0;271;772;2984
4702921684;15.04.2016;1;8;256;944;2896
4702921684;16.04.2016;3;24;335;556;3328
4702921684;17.04.2016;12;66;302;437;3394
4702921684;18.04.2016;22;30;191;890;3013
4702921684;19.04.2016;10;8;179;757;2812
4702921684;20.04.2016;2;29;260;717;3061
4702921684;21.04.2016;4;41;144;901;2729
4702921684;22.04.2016;0;0;72;1341;2241
4702921684;23.04.2016;9;66;408;469;3691
4702921684;24.04.2016;15;95;281;542;3538
4702921684;25.04.2016;6;15;270;730;3064
4702921684;26.04.2016;1;8;216;765;2784
4702921684;27.04.2016;1;16;238;733;2908
4702921684;28.04.2016;14;9;232;738;3033
4702921684;29.04.2016;12;19;267;692;3165
4702921684;30.04.2016;4;36;263;728;3115
4702921684;2.05.2016;5;40;195;1131;2859
4702921684;3.05.2016;0;0;313;729;3145
4702921684;4.05.2016;4;15;251;757;3004
4702921684;5.05.2016;8;5;241;745;3006
4702921684;6.05.2016;1;16;207;682;2859
4702921684;7.05.2016;5;46;439;577;3683
4702921684;8.05.2016;9;125;192;1019;3287
4702921684;9.05.2016;0;12;253;746;2990
4702921684;10.05.2016;1;37;262;701;3172
4702921684;11.05.2016;10;41;235;784;3069
4702921684;12.05.2016;0;0;68;241;1240
5553957443;12.04.2016;19;13;277;767;2026
5553957443;13.04.2016;0;0;226;647;1718
5553957443;14.04.2016;61;41;256;693;2324
5553957443;15.04.2016;58;38;239;689;2254
5553957443;16.04.2016;0;0;288;521;1831
5553957443;17.04.2016;0;0;46;943;1397
5553957443;18.04.2016;0;0;206;622;1683
5553957443;19.04.2016;69;28;249;756;2284
5553957443;20.04.2016;0;0;148;598;1570
5553957443;21.04.2016;47;42;177;801;2066
5553957443;22.04.2016;25;16;270;781;2105
5553957443;23.04.2016;0;0;272;443;1776
5553957443;24.04.2016;0;0;104;582;1507
5553957443;25.04.2016;51;11;201;732;2033
5553957443;26.04.2016;40;18;238;750;2093
5553957443;27.04.2016;16;16;206;745;1922
5553957443;28.04.2016;49;13;165;727;1999
5553957443;29.04.2016;46;15;270;709;2169
5553957443;30.04.2016;0;0;84;506;1463
5553957443;1.05.2016;0;0;237;436;1747
5553957443;2.05.2016;23;9;227;724;1996
5553957443;3.05.2016;26;29;247;812;2116
5553957443;4.05.2016;0;0;224;651;1698
5553957443;5.05.2016;44;29;241;692;2156
5553957443;6.05.2016;21;9;229;761;1916
5553957443;7.05.2016;0;0;96;902;1494
5553957443;8.05.2016;3;8;210;505;1762
5553957443;9.05.2016;59;22;251;667;2272
5553957443;10.05.2016;61;40;265;707;2335
5553957443;11.05.2016;0;0;195;628;1693
5553957443;12.05.2016;8;6;48;222;741
5577150313;12.04.2016;86;16;140;728;3405
5577150313;13.04.2016;15;11;144;776;2551
5577150313;14.04.2016;118;30;176;662;4022
5577150313;15.04.2016;115;54;199;695;4005
5577150313;16.04.2016;184;56;158;472;4274
5577150313;17.04.2016;200;37;159;525;4552
5577150313;18.04.2016;114;32;130;623;3625
5577150313;19.04.2016;108;23;111;733;3501
5577150313;20.04.2016;87;16;113;773;3192
5577150313;21.04.2016;110;74;175;670;4018
5577150313;22.04.2016;62;30;200;823;3329
5577150313;23.04.2016;24;24;223;627;3152
5577150313;24.04.2016;210;65;141;425;4392
5577150313;25.04.2016;61;38;214;743;3374
5577150313;26.04.2016;38;32;181;759;3088
5577150313;27.04.2016;63;16;190;773;3294
5577150313;28.04.2016;99;51;141;692;3580
5577150313;29.04.2016;97;36;165;739;3544
5577150313;30.04.2016;207;45;163;621;4501
5577150313;1.05.2016;194;72;178;499;4546
5577150313;2.05.2016;37;20;235;732;3014
5577150313;3.05.2016;97;8;212;580;3795
5577150313;4.05.2016;25;9;141;631;2755
5577150313;5.05.2016;45;21;143;1153;3004
5577150313;6.05.2016;41;16;79;1304;2643
5577150313;9.05.2016;34;11;70;1099;2489
5577150313;10.05.2016;104;37;194;639;3841
5577150313;11.05.2016;45;15;63;257;1665
6117666160;15.04.2016;0;6;513;921;2865
6117666160;16.04.2016;7;15;518;502;2828
6117666160;17.04.2016;0;0;312;702;2225
6117666160;18.04.2016;0;0;241;759;2018
6117666160;19.04.2016;0;0;480;425;2606
6117666160;20.04.2016;26;10;349;587;2536
6117666160;21.04.2016;11;19;294;579;4900
6117666160;22.04.2016;0;0;402;413;2409
6117666160;23.04.2016;0;0;512;468;2651
6117666160;24.04.2016;0;0;362;711;2305
6117666160;26.04.2016;0;7;352;1077;2450
6117666160;27.04.2016;0;0;458;417;2576
6117666160;28.04.2016;0;0;141;758;1879
6117666160;29.04.2016;0;0;461;479;2560
6117666160;30.04.2016;0;0;343;1040;2275
6117666160;1.05.2016;0;0;397;525;2361
6117666160;2.05.2016;0;0;236;1204;2044
6117666160;4.05.2016;0;0;156;1279;1902
6117666160;5.05.2016;0;0;487;479;2636
6117666160;6.05.2016;0;0;133;673;1838
6117666160;7.05.2016;0;0;412;456;2469
6117666160;8.05.2016;0;0;318;517;2250
6117666160;9.05.2016;0;0;197;125;1248
6290855005;12.04.2016;0;0;199;1241;2560
6290855005;13.04.2016;0;0;350;1090;2905
6290855005;14.04.2016;0;0;363;1077;2952
6290855005;15.04.2016;0;0;328;1112;2896
6290855005;16.04.2016;0;0;258;1182;2783
6290855005;17.04.2016;31;12;225;1172;3171
6290855005;18.04.2016;0;0;271;1169;2766
6290855005;19.04.2016;0;0;321;1119;2839
6290855005;20.04.2016;0;0;258;1182;2701
6290855005;22.04.2016;0;0;302;1138;2796
6290855005;24.04.2016;0;0;258;1182;2703
6290855005;25.04.2016;8;3;249;1180;2771
6290855005;27.04.2016;0;0;287;1153;2743
6290855005;28.04.2016;0;0;255;1185;2687
6290855005;30.04.2016;0;0;324;1116;2843
6290855005;1.05.2016;8;95;282;1055;3327
6290855005;2.05.2016;0;0;268;1172;2725
6290855005;3.05.2016;0;0;240;1200;2671
6290855005;4.05.2016;0;0;272;1168;2718
6290855005;5.05.2016;0;0;239;1201;2682
6290855005;6.05.2016;0;0;305;1135;2806
6290855005;7.05.2016;0;0;227;1213;2613
6290855005;8.05.2016;0;0;251;1189;2712
6290855005;9.05.2016;0;0;264;800;2175
6775888955;13.04.2016;17;18;85;1053;2400
6775888955;14.04.2016;14;24;105;863;2507
6775888955;15.04.2016;0;0;58;976;2127
6775888955;16.04.2016;36;18;9;1377;2225
6775888955;17.04.2016;5;24;19;1392;2067
6775888955;18.04.2016;30;31;146;1233;2798
6775888955;20.04.2016;70;113;178;1079;3727
6775888955;22.04.2016;0;0;20;1420;1922
6775888955;24.04.2016;11;18;11;1400;2053
6775888955;25.04.2016;33;13;92;1302;2484
6775888955;26.04.2016;42;30;47;1321;2584
6775888955;28.04.2016;2;13;15;1410;1993
6775888955;30.04.2016;3;9;84;1344;2280
6775888955;1.05.2016;9;34;50;1347;2319
6775888955;6.05.2016;12;35;75;1318;2496
6775888955;7.05.2016;2;5;49;551;1032
6962181067;12.04.2016;50;14;189;796;1994
6962181067;13.04.2016;8;24;142;548;1718
6962181067;14.04.2016;0;0;86;862;1466
6962181067;15.04.2016;0;0;217;837;1756
6962181067;16.04.2016;50;3;280;741;2173
6962181067;17.04.2016;5;13;295;634;2027
6962181067;18.04.2016;13;42;238;689;2039
6962181067;19.04.2016;35;41;195;659;2046
6962181067;20.04.2016;48;4;297;639;2174
6962181067;21.04.2016;53;27;214;708;2179
6962181067;22.04.2016;30;33;240;659;2086
6962181067;23.04.2016;58;41;347;484;2571
6962181067;24.04.2016;0;0;199;720;1705
6962181067;25.04.2016;35;31;282;637;2194
6962181067;26.04.2016;36;7;254;680;2012
6962181067;27.04.2016;7;38;279;697;2034
6962181067;28.04.2016;38;8;288;621;2182
6962181067;29.04.2016;12;15;369;645;2254
6962181067;30.04.2016;32;16;237;731;2002
6962181067;1.05.2016;0;0;215;722;1740
6962181067;2.05.2016;18;39;313;655;2162
6962181067;3.05.2016;21;36;267;654;2072
6962181067;4.05.2016;15;36;284;683;2086
6962181067;5.05.2016;14;22;305;591;2066
6962181067;6.05.2016;0;0;299;717;1850
6962181067;7.05.2016;0;0;328;745;1947
6962181067;8.05.2016;0;14;151;709;1659
6962181067;9.05.2016;43;21;231;607;2105
6962181067;10.05.2016;62;34;275;626;2361
6962181067;11.05.2016;24;7;199;709;1855
6962181067;12.05.2016;0;8;105;127;928
7007744171;12.04.2016;53;8;355;1024;2937
7007744171;13.04.2016;56;22;261;1101;2742
7007744171;14.04.2016;34;6;304;1096;2668
7007744171;15.04.2016;0;0;202;1238;2098
7007744171;16.04.2016;0;0;203;1155;2076
7007744171;17.04.2016;0;0;305;1135;2383
7007744171;18.04.2016;48;31;284;1077;2832
7007744171;19.04.2016;53;17;304;1066;2812
7007744171;20.04.2016;60;33;347;1000;3096
7007744171;21.04.2016;30;34;327;1049;2763
7007744171;22.04.2016;64;50;261;1065;2889
7007744171;23.04.2016;2;25;223;1190;2284
7007744171;24.04.2016;0;0;419;1021;2667
7007744171;25.04.2016;51;24;379;986;3055
7007744171;26.04.2016;16;22;424;978;2939
7007744171;27.04.2016;50;12;337;1041;2830
7007744171;28.04.2016;16;16;401;1007;2836
7007744171;29.04.2016;55;42;382;961;3180
7007744171;30.04.2016;0;0;200;1240;2051
7007744171;1.05.2016;0;0;237;1142;2225
7007744171;2.05.2016;64;14;250;1112;2642
7007744171;3.05.2016;58;31;330;1021;2976
7007744171;5.05.2016;53;23;317;1047;2933
7007744171;6.05.2016;44;13;247;1136;2553
7086361926;12.04.2016;59;6;153;745;2772
7086361926;13.04.2016;31;26;155;744;2516
7086361926;14.04.2016;35;32;189;787;2734
7086361926;15.04.2016;30;21;139;864;2395
7086361926;18.04.2016;61;51;114;1136;2743
7086361926;19.04.2016;67;69;124;671;2944
7086361926;20.04.2016;87;13;145;797;2997
7086361926;21.04.2016;19;6;206;758;2463
7086361926;22.04.2016;58;59;153;762;2846
7086361926;23.04.2016;0;0;90;1350;1965
7086361926;24.04.2016;0;0;125;566;2049
7086361926;25.04.2016;69;39;129;706;2752
7086361926;26.04.2016;70;33;132;726;2781
7086361926;27.04.2016;55;6;145;829;2693
7086361926;28.04.2016;54;48;161;810;2862
7086361926;29.04.2016;24;36;182;1198;2616
7086361926;30.04.2016;42;17;308;584;2995
7086361926;1.05.2016;30;15;258;685;2730
7086361926;2.05.2016;66;26;139;737;2754
7086361926;3.05.2016;57;36;152;761;2754
7086361926;4.05.2016;45;12;135;843;2655
7086361926;5.05.2016;24;14;149;1253;2386
7086361926;6.05.2016;84;35;154;834;2924
7086361926;7.05.2016;20;42;209;621;2739
7086361926;8.05.2016;32;27;147;695;2534
7086361926;9.05.2016;67;50;171;743;2960
7086361926;10.05.2016;72;23;106;1182;2800
7086361926;11.05.2016;57;40;128;757;2735
7086361926;12.05.2016;5;4;58;343;1199
8053475328;12.04.2016;116;8;123;1193;3186
8053475328;13.04.2016;95;12;156;1177;3140
8053475328;14.04.2016;119;5;193;1123;3411
8053475328;15.04.2016;132;8;158;1142;3410
8053475328;16.04.2016;96;6;83;1255;2867
8053475328;17.04.2016;111;21;195;1113;3213
8053475328;18.04.2016;102;6;195;1137;3133
8053475328;19.04.2016;90;7;191;1152;3114
8053475328;20.04.2016;89;5;158;695;3043
8053475328;21.04.2016;100;6;170;1164;3103
8053475328;22.04.2016;60;3;117;1260;2655
8053475328;23.04.2016;125;14;223;741;3554
8053475328;24.04.2016;129;33;182;1096;3577
8053475328;25.04.2016;118;9;209;1104;3403
8053475328;26.04.2016;68;5;185;1182;2846
8053475328;27.04.2016;60;10;183;1187;2852
8053475328;28.04.2016;90;9;153;1188;3062
8053475328;29.04.2016;58;8;159;1215;2794
8053475328;30.04.2016;27;1;131;1281;2408
8053475328;1.05.2016;0;0;51;1389;1886
8053475328;2.05.2016;0;0;95;1345;1988
8053475328;3.05.2016;87;22;165;1166;3023
8053475328;4.05.2016;89;8;123;1220;2918
8053475328;5.05.2016;93;9;130;1208;2950
8053475328;6.05.2016;90;15;90;1245;2859
8053475328;7.05.2016;121;20;148;1076;3331
8053475328;8.05.2016;125;14;228;1073;3589
8053475328;9.05.2016;66;12;148;1214;2765
8053475328;10.05.2016;96;10;115;1219;2926
8053475328;11.05.2016;60;7;184;1189;2809
8053475328;12.05.2016;28;4;39;839;1505
8253242879;12.04.2016;40;2;154;1244;2044
8253242879;13.04.2016;35;11;96;1298;1935
8253242879;14.04.2016;29;16;33;1362;1705
8253242879;15.04.2016;0;0;105;1335;1632
8253242879;16.04.2016;6;51;115;1268;1880
8253242879;17.04.2016;41;5;157;1237;2112
8253242879;18.04.2016;16;16;130;1278;1829
8253242879;19.04.2016;0;0;164;1276;1763
8253242879;20.04.2016;5;18;216;1201;1931
8253242879;21.04.2016;49;20;172;1199;2218
8253242879;22.04.2016;0;0;120;1320;1651
8253242879;23.04.2016;30;26;191;1193;2132
8253242879;24.04.2016;41;4;82;1313;1976
8253242879;25.04.2016;7;54;118;1261;1909
8253242879;26.04.2016;19;14;108;1299;1813
8253242879;27.04.2016;45;5;104;1286;2008
8253242879;28.04.2016;11;16;20;1393;1580
8253242879;29.04.2016;16;14;136;1257;1854
8378563200;12.04.2016;65;15;156;723;3635
8378563200;13.04.2016;116;14;169;680;4079
8378563200;14.04.2016;123;21;174;699;4163
8378563200;15.04.2016;60;23;190;729;3666
8378563200;16.04.2016;64;21;142;563;3363
8378563200;17.04.2016;0;0;93;599;2572
8378563200;18.04.2016;117;10;174;720;4157
8378563200;19.04.2016;120;19;154;737;4092
8378563200;20.04.2016;82;8;169;763;3787
8378563200;21.04.2016;137;16;145;677;4236
8378563200;22.04.2016;113;12;159;769;4044
8378563200;23.04.2016;19;10;136;740;2908
8378563200;24.04.2016;0;0;135;734;2741
8378563200;25.04.2016;117;16;141;692;4005
8378563200;26.04.2016;90;18;161;593;3763
8378563200;27.04.2016;4;4;192;676;3061
8378563200;28.04.2016;11;10;139;711;2884
8378563200;29.04.2016;3;7;172;767;2982
8378563200;30.04.2016;0;0;121;780;2660
8378563200;1.05.2016;71;10;127;669;3369
8378563200;2.05.2016;63;4;142;802;3491
8378563200;3.05.2016;71;20;195;822;3784
8378563200;4.05.2016;19;10;167;680;3110
8378563200;5.05.2016;66;3;214;764;3783
8378563200;6.05.2016;74;5;166;831;3644
8378563200;7.05.2016;0;0;158;851;2799
8378563200;8.05.2016;0;0;139;621;2685
8378563200;9.05.2016;71;13;171;772;3721
8378563200;10.05.2016;63;13;152;840;3586
8378563200;11.05.2016;72;10;184;763;3788
8378563200;12.05.2016;8;6;102;433;1976
8583815059;12.04.2016;0;7;196;1237;2650
8583815059;13.04.2016;2;23;163;1252;2654
8583815059;14.04.2016;0;0;134;1306;2443
8583815059;15.04.2016;0;0;65;1375;2505
8583815059;16.04.2016;0;0;0;1440;2693
8583815059;17.04.2016;0;0;0;1440;2439
8583815059;18.04.2016;4;22;105;1309;2536
8583815059;19.04.2016;7;10;166;1257;2668
8583815059;20.04.2016;0;27;167;1246;2647
8583815059;21.04.2016;35;18;158;1229;2883
8583815059;22.04.2016;4;54;212;1170;2944
8583815059;23.04.2016;7;44;238;1151;3012
8583815059;24.04.2016;2;44;206;1188;2889
8583815059;25.04.2016;18;6;122;1294;2547
8583815059;26.04.2016;1;91;214;1134;3093
8583815059;27.04.2016;77;5;129;1229;3142
8583815059;28.04.2016;0;28;203;1209;2757
8583815059;29.04.2016;46;67;258;1069;3513
8583815059;30.04.2016;2;28;317;1093;3164
8583815059;1.05.2016;10;2;117;1311;2596
8583815059;2.05.2016;0;0;0;1440;2894
8583815059;3.05.2016;0;0;0;1440;3212
8583815059;4.05.2016;0;0;0;1440;2516
8583815059;5.05.2016;0;0;70;1370;3266
8583815059;6.05.2016;2;22;166;1250;2683
8583815059;7.05.2016;0;0;250;1190;2810
8583815059;8.05.2016;3;72;182;1183;2940
8583815059;9.05.2016;66;4;110;1260;2947
8583815059;10.05.2016;9;43;162;1226;2846
8583815059;11.05.2016;5;71;177;1106;2804
8792009665;12.04.2016;0;0;116;831;2044
8792009665;13.04.2016;0;0;82;806;1934
8792009665;14.04.2016;0;0;84;853;1963
8792009665;15.04.2016;0;0;126;937;2009
8792009665;16.04.2016;0;0;12;1428;1721
8792009665;20.04.2016;0;10;139;744;2188
8792009665;21.04.2016;0;0;9;1431;1720
8792009665;22.04.2016;1;20;195;817;2419
8792009665;23.04.2016;8;45;232;795;2748
8792009665;24.04.2016;3;8;19;1410;1799
8792009665;26.04.2016;0;0;80;1360;1928
8792009665;27.04.2016;0;0;112;900;2067
8792009665;28.04.2016;0;0;310;714;2780
8792009665;29.04.2016;6;14;380;634;3101
8792009665;30.04.2016;10;20;301;749;2896
8792009665;1.05.2016;0;0;79;834;1962
8792009665;2.05.2016;0;0;101;916;2015
8792009665;3.05.2016;0;0;156;739;2297
8792009665;4.05.2016;0;0;129;848;2067
8877689391;12.04.2016;85;7;312;1036;3921
8877689391;13.04.2016;108;18;216;1098;3566
8877689391;14.04.2016;68;13;298;1061;3793
8877689391;15.04.2016;106;1;281;1052;3934
8877689391;16.04.2016;94;29;429;888;4547
8877689391;17.04.2016;58;15;307;1060;3545
8877689391;18.04.2016;29;5;191;1215;2761
8877689391;19.04.2016;82;13;214;1131;3676
8877689391;20.04.2016;73;19;225;1123;3679
8877689391;21.04.2016;82;13;226;1119;3659
8877689391;22.04.2016;61;2;236;1141;3427
8877689391;23.04.2016;102;6;300;1032;3891
8877689391;24.04.2016;64;1;227;1148;3455
8877689391;25.04.2016;113;8;218;1101;3802
8877689391;26.04.2016;22;3;258;1157;2860
8877689391;27.04.2016;93;8;235;1104;3808
8877689391;28.04.2016;58;8;231;1143;3060
8877689391;29.04.2016;18;5;210;1207;2698
8877689391;30.04.2016;124;4;223;1089;4398
8877689391;1.05.2016;36;12;166;1226;2786
8877689391;2.05.2016;0;0;105;1335;2189
8877689391;3.05.2016;19;3;229;1189;2817
8877689391;4.05.2016;66;8;212;1154;3477
8877689391;5.05.2016;67;15;188;1170;3052
8877689391;6.05.2016;96;17;232;1095;4015
8877689391;7.05.2016;105;28;271;1036;4142
8877689391;8.05.2016;17;4;245;1174;2847
8877689391;9.05.2016;73;19;217;1131;3710
8877689391;10.05.2016;18;11;224;1187;2832
8877689391;11.05.2016;88;12;213;1127;3832
8877689391;12.05.2016;23;1;137;770;1849
